[
{
  "name":"com.fasterxml.jackson.databind.ext.Java7HandlersImpl",
  "methods":[{"name":"<init>","parameterTypes":[] }]
},
{
  "name":"com.fasterxml.jackson.databind.ext.Java7SupportImpl",
  "methods":[{"name":"<init>","parameterTypes":[] }]
},
{
  "name":"example.runtime.Configuration",
  "allDeclaredFields":true,
  "allDeclaredMethods":true,
  "allDeclaredConstructors":true
},
{
  "name":"example.runtime.HelloWorldHandler",
  "methods":[{"name":"<init>","parameterTypes":[] }]
},
{
  "name":"example.runtime.CurrentTimeHandler",
  "methods":[{"name":"<init>","parameterTypes":[] }]
}
]
